firm,quarter_end,quarter,year,report_date,snapshot_date,analyst,broker,broker_code,estimate_value,revision_date,staleness_days,actual_eps,price_10d_prior,market_cap
TXN-US,2026-03-31,2026Q1,2026,20260422,20260421,Kevin Cassidy,Rosenblatt Securities,2623,6.3,20260128,83,1.6805,208.9,190195.8
TXN-US,2026-03-31,2026Q1,2026,20260422,20260421,Tore Svanberg,Stifel Nicolaus,548,6.16,20260128,83,1.6805,208.9,190195.8
TXN-US,2026-03-31,2026Q1,2026,20260422,20260421,George Chang,Aletheia Capital,2859,6.54,20260417,4,1.6805,208.9,190195.8
TXN-US,2026-03-31,2026Q1,2026,20260422,20260421,Mark Lipacis,Evercore ISI,1772,7.28,20260128,83,1.6805,208.9,190195.8
TXN-US,2026-03-31,2026Q1,2026,20260422,20260421,Matthew Prisco,Cantor Fitzgerald,1190,6.2,20260128,83,1.6805,208.9,190195.8
TXN-US,2026-03-31,2026Q1,2026,20260422,20260421,Christopher Rolland,Susquehanna Financial Group,974,6.45,20260417,4,1.6805,208.9,190195.8
TXN-US,2026-03-31,2026Q1,2026,20260422,20260421,Joe Quatrochi,Wells Fargo Securities,596,6.5082,20260127,84,1.6805,208.9,190195.8
TXN-US,2026-03-31,2026Q1,2026,20260422,20260421,Stacy A. Rasgon,Bernstein Research,1140,,20260128,83,1.6805,208.9,190195.8
TXN-US,2026-03-31,2026Q1,2026,20260422,20260421,Rick Schafer,Oppenheimer,498,6.43,20260223,57,1.6805,208.9,190195.8
TXN-US,2026-03-31,2026Q1,2026,20260422,20260421,Nikolay Todorov,Edgewater Research,3222,6.71,20260415,6,1.6805,208.9,190195.8
TXN-US,2026-03-31,2026Q1,2026,20260422,20260421,Vijay Rakesh,Mizuho Securities USA,1802,6.4791,20260415,6,1.6805,208.9,190195.8
TXN-US,2026-03-31,2026Q1,2026,20260422,20260421,John N. Vinh,KeyBanc Capital Markets,618,6.66,20260402,19,1.6805,208.9,190195.8
TXN-US,2026-03-31,2026Q1,2026,20260422,20260421,Joshua Buchalter,TD Cowen,917,6.29,20260409,12,1.6805,208.9,190195.8
TXN-US,2026-03-31,2026Q1,2026,20260422,20260421,Ross Seymore,Deutsche Bank Research,77,6.65,20260128,83,1.6805,208.9,190195.8
TXN-US,2026-03-31,2026Q1,2026,20260422,20260421,Blayne Curtis,Jefferies,512,6.35,20260223,57,1.6805,208.9,190195.8
TXN-US,2026-03-31,2026Q1,2026,20260422,20260421,Min-Gyu Jung,Sangsangin Investment & Securities,1766,6.4,20260303,49,1.6805,208.9,190195.8
TXN-US,2026-03-31,2026Q1,2026,20260422,20260421,Jack Egan,Charter Equity Research,3077,6.372041,20260128,83,1.6805,208.9,190195.8
TXN-US,2026-03-31,2026Q1,2026,20260422,20260421,Cody Acree,"Benchmark, a StoneX Company",1124,6.37,20260128,83,1.6805,208.9,190195.8
TXN-US,2026-03-31,2026Q1,2026,20260422,20260421,William Stein,Truist Securities,852,6.62,20260128,83,1.6805,208.9,190195.8
TXN-US,2026-03-31,2026Q1,2026,20260422,20260421,Melissa Fairbanks,Raymond James,402,6.23,20260128,83,1.6805,208.9,190195.8
TXN-US,2026-03-31,2026Q1,2026,20260422,20260421,Siyu Cai,Mega Intl Invst Serv,1175,7.36,20251022,181,1.6805,208.9,190195.8
TXN-US,2026-03-31,2026Q1,2026,20260422,20260421,Cindy Yen,Fubon Securities,1084,6.25,20260128,83,1.6805,208.9,190195.8
TXN-US,2026-03-31,2026Q1,2026,20260422,20260421,James Kelleher,Argus Research,376,6.47,20260128,83,1.6805,208.9,190195.8
TXN-US,2025-12-31,2025Q4,2025,20260127,20260126,Mark Lipacis,Evercore ISI,1772,6.66,20251022,96,1.2689,189.07,171793.36
TXN-US,2025-12-31,2025Q4,2025,20260127,20260126,George Chang,Aletheia Capital,2859,6.12,20260123,3,1.2689,189.07,171793.36
TXN-US,2025-12-31,2025Q4,2025,20260127,20260126,Kevin Cassidy,Rosenblatt Securities,2623,5.96,20251022,96,1.2689,189.07,171793.36
TXN-US,2025-12-31,2025Q4,2025,20260127,20260126,Matthew Prisco,Cantor Fitzgerald,1190,5.5,20260105,21,1.2689,189.07,171793.36
TXN-US,2025-12-31,2025Q4,2025,20260127,20260126,Nikolay Todorov,Edgewater Research,3222,6.37,20260122,4,1.2689,189.07,171793.36
TXN-US,2025-12-31,2025Q4,2025,20260127,20260126,Joe Quatrochi,Wells Fargo Securities,596,6.0339,20251021,97,1.2689,189.07,171793.36
TXN-US,2025-12-31,2025Q4,2025,20260127,20260126,Tore Svanberg,Stifel Nicolaus,548,5.66,20251022,96,1.2689,189.07,171793.36
TXN-US,2025-12-31,2025Q4,2025,20260127,20260126,Christopher Rolland,Susquehanna Financial Group,974,5.86,20251022,96,1.2689,189.07,171793.36
TXN-US,2025-12-31,2025Q4,2025,20260127,20260126,John N. Vinh,KeyBanc Capital Markets,618,6.32,20251017,101,1.2689,189.07,171793.36
TXN-US,2025-12-31,2025Q4,2025,20260127,20260126,Joshua Buchalter,TD Cowen,917,5.9955,20251022,96,1.2689,189.07,171793.36
TXN-US,2025-12-31,2025Q4,2025,20260127,20260126,Rick Schafer,Oppenheimer,498,6.13,20260114,12,1.2689,189.07,171793.36
TXN-US,2025-12-31,2025Q4,2025,20260127,20260126,Vijay Rakesh,Mizuho Securities USA,1802,6.1563,20251022,96,1.2689,189.07,171793.36
TXN-US,2025-12-31,2025Q4,2025,20260127,20260126,Ross Seymore,Deutsche Bank Research,77,6.15,20251022,96,1.2689,189.07,171793.36
TXN-US,2025-12-31,2025Q4,2025,20260127,20260126,Siyu Cai,Mega Intl Invst Serv,1175,7.36,20251022,96,1.2689,189.07,171793.36
TXN-US,2025-12-31,2025Q4,2025,20260127,20260126,Stacy A. Rasgon,Bernstein Research,1140,,20250723,187,1.2689,189.07,171793.36
TXN-US,2025-12-31,2025Q4,2025,20260127,20260126,William Stein,Truist Securities,852,6.06,20251218,39,1.2689,189.07,171793.36
TXN-US,2025-12-31,2025Q4,2025,20260127,20260126,Jack Egan,Charter Equity Research,3077,6.1528955,20251022,96,1.2689,189.07,171793.36
TXN-US,2025-12-31,2025Q4,2025,20260127,20260126,Barney Yao,Haitong International Research,2898,6.59,20251022,96,1.2689,189.07,171793.36
TXN-US,2025-12-31,2025Q4,2025,20260127,20260126,Cody Acree,"Benchmark, a StoneX Company",1124,5.89,20251021,97,1.2689,189.07,171793.36
TXN-US,2025-12-31,2025Q4,2025,20260127,20260126,Blayne Curtis,Jefferies,512,5.81,20251022,96,1.2689,189.07,171793.36
TXN-US,2025-12-31,2025Q4,2025,20260127,20260126,Melissa Fairbanks,Raymond James,402,5.86,20251022,96,1.2689,189.07,171793.36
TXN-US,2025-12-31,2025Q4,2025,20260127,20260126,James Kelleher,Argus Research,376,6.91,20251022,96,1.2689,189.07,171793.36
TXN-US,2025-09-30,2025Q3,2025,20251021,20251020,Kevin Garrigan,Rosenblatt Securities,2623,8.0,20250723,89,1.4836,177.05,160962.73
TXN-US,2025-09-30,2025Q3,2025,20251021,20251020,Vijay Rakesh,Mizuho Securities USA,1802,6.45,20251017,3,1.4836,177.05,160962.73
TXN-US,2025-09-30,2025Q3,2025,20251021,20251020,Matthew Prisco,Cantor Fitzgerald,1190,6.5,20250723,89,1.4836,177.05,160962.73
TXN-US,2025-09-30,2025Q3,2025,20251021,20251020,John N. Vinh,KeyBanc Capital Markets,618,6.32,20251017,3,1.4836,177.05,160962.73
TXN-US,2025-09-30,2025Q3,2025,20251021,20251020,Joe Quatrochi,Wells Fargo Securities,596,6.8663,20250723,89,1.4836,177.05,160962.73
TXN-US,2025-09-30,2025Q3,2025,20251021,20251020,Tore Svanberg,Stifel Nicolaus,548,6.37,20250723,89,1.4836,177.05,160962.73
TXN-US,2025-09-30,2025Q3,2025,20251021,20251020,Mark Lipacis,Evercore ISI,1772,7.26,20250723,89,1.4836,177.05,160962.73
TXN-US,2025-09-30,2025Q3,2025,20251021,20251020,George Chang,Aletheia Capital,2859,6.21,20251014,6,1.4836,177.05,160962.73
TXN-US,2025-09-30,2025Q3,2025,20251021,20251020,Stacy A. Rasgon,Bernstein Research,1140,,20250723,89,1.4836,177.05,160962.73
TXN-US,2025-09-30,2025Q3,2025,20251021,20251020,Rick Schafer,Oppenheimer,498,6.74,20250723,89,1.4836,177.05,160962.73
TXN-US,2025-09-30,2025Q3,2025,20251021,20251020,Nikolay Todorov,Edgewater Research,3222,6.26,20251010,10,1.4836,177.05,160962.73
TXN-US,2025-09-30,2025Q3,2025,20251021,20251020,Ross Seymore,Deutsche Bank Research,77,6.451503,20250723,89,1.4836,177.05,160962.73
TXN-US,2025-09-30,2025Q3,2025,20251021,20251020,Joshua Buchalter,TD Cowen,917,6.75,20250723,89,1.4836,177.05,160962.73
TXN-US,2025-09-30,2025Q3,2025,20251021,20251020,Cody Acree,"Benchmark, a StoneX Company",1124,6.75,20250723,89,1.4836,177.05,160962.73
TXN-US,2025-09-30,2025Q3,2025,20251021,20251020,Jack Egan,Charter Equity Research,3077,7.14,20250723,89,1.4836,177.05,160962.73
TXN-US,2025-09-30,2025Q3,2025,20251021,20251020,Barney Yao,Haitong International Research,2898,6.72,20250723,89,1.4836,177.05,160962.73
TXN-US,2025-09-30,2025Q3,2025,20251021,20251020,Jay Goldberg,Seaport Research Partners,1321,6.29,20250718,94,1.4836,177.05,160962.73
TXN-US,2025-09-30,2025Q3,2025,20251021,20251020,Christopher Rolland,Susquehanna Financial Group,974,6.65,20250723,89,1.4836,177.05,160962.73
TXN-US,2025-09-30,2025Q3,2025,20251021,20251020,William Stein,Truist Securities,852,6.12,20250723,89,1.4836,177.05,160962.73
TXN-US,2025-09-30,2025Q3,2025,20251021,20251020,Blayne Curtis,Jefferies,512,6.06,20250723,89,1.4836,177.05,160962.73
TXN-US,2025-09-30,2025Q3,2025,20251021,20251020,Melissa Fairbanks,Raymond James,402,6.53,20250424,179,1.4836,177.05,160962.73
TXN-US,2025-09-30,2025Q3,2025,20251021,20251020,James Kelleher,Argus Research,376,7.27,20250723,89,1.4836,177.05,160962.73
TXN-US,2025-06-30,2025Q2,2025,20250722,20250721,Kevin Garrigan,Rosenblatt Securities,2623,8.35,20250424,88,1.4123,216.63,196802.31
TXN-US,2025-06-30,2025Q2,2025,20250722,20250721,Christopher Rolland,Susquehanna Financial Group,974,6.8,20250721,0,1.4123,216.63,196802.31
TXN-US,2025-06-30,2025Q2,2025,20250722,20250721,Vijay Rakesh,Mizuho Securities USA,1802,6.656,20250703,18,1.4123,216.63,196802.31
TXN-US,2025-06-30,2025Q2,2025,20250722,20250721,Mark Lipacis,Evercore ISI,1772,8.5,20250424,88,1.4123,216.63,196802.31
TXN-US,2025-06-30,2025Q2,2025,20250722,20250721,Jay Goldberg,Seaport Research Partners,1321,6.29,20250718,3,1.4123,216.63,196802.31
TXN-US,2025-06-30,2025Q2,2025,20250722,20250721,C.J. Muse,Cantor Fitzgerald,1190,6.6,20250424,88,1.4123,216.63,196802.31
TXN-US,2025-06-30,2025Q2,2025,20250722,20250721,Tore Svanberg,Stifel Nicolaus,548,6.14,20250124,178,1.4123,216.63,196802.31
TXN-US,2025-06-30,2025Q2,2025,20250722,20250721,Nikolay Todorov,Edgewater Research,3222,6.81,20250716,5,1.4123,216.63,196802.31
TXN-US,2025-06-30,2025Q2,2025,20250722,20250721,Stacy A. Rasgon,Bernstein Research,1140,,20250424,88,1.4123,216.63,196802.31
TXN-US,2025-06-30,2025Q2,2025,20250722,20250721,Joe Quatrochi,Wells Fargo Securities,596,7.26,20250124,178,1.4123,216.63,196802.31
TXN-US,2025-06-30,2025Q2,2025,20250722,20250721,Ross Seymore,Deutsche Bank Research,77,6.544551,20250124,178,1.4123,216.63,196802.31
TXN-US,2025-06-30,2025Q2,2025,20250722,20250721,George Chang,Aletheia Capital,2859,6.42,20250711,10,1.4123,216.63,196802.31
TXN-US,2025-06-30,2025Q2,2025,20250722,20250721,John N. Vinh,KeyBanc Capital Markets,618,7.43,20250424,88,1.4123,216.63,196802.31
TXN-US,2025-06-30,2025Q2,2025,20250722,20250721,Rick Schafer,Oppenheimer,498,6.86,20250424,88,1.4123,216.63,196802.31
TXN-US,2025-06-30,2025Q2,2025,20250722,20250721,Joshua Buchalter,TD Cowen,917,6.98,20250709,12,1.4123,216.63,196802.31
TXN-US,2025-06-30,2025Q2,2025,20250722,20250721,William Stein,Truist Securities,852,6.46,20250424,88,1.4123,216.63,196802.31
TXN-US,2025-06-30,2025Q2,2025,20250722,20250721,Barney Yao,Haitong International Research,2898,7.1,20250424,88,1.4123,216.63,196802.31
TXN-US,2025-06-30,2025Q2,2025,20250722,20250721,Jack Egan,Charter Equity Research,3077,7.284637,20250424,88,1.4123,216.63,196802.31
TXN-US,2025-06-30,2025Q2,2025,20250722,20250721,Egor Tolmachev,Freedom Broker,3713,6.61,20250522,60,1.4123,216.63,196802.31
TXN-US,2025-06-30,2025Q2,2025,20250722,20250721,Cody Acree,"Benchmark, a StoneX Company",1124,6.55,20250124,178,1.4123,216.63,196802.31
TXN-US,2025-06-30,2025Q2,2025,20250722,20250721,Phoebe Wang,Fubon Securities,1084,6.52,20250421,91,1.4123,216.63,196802.31
TXN-US,2025-06-30,2025Q2,2025,20250722,20250721,Blayne Curtis,Jefferies,512,6.56,20250424,88,1.4123,216.63,196802.31
TXN-US,2025-06-30,2025Q2,2025,20250722,20250721,Melissa Fairbanks,Raymond James,402,6.5,20250424,88,1.4123,216.63,196802.31
TXN-US,2025-06-30,2025Q2,2025,20250722,20250721,James Kelleher,Argus Research,376,7.11,20250424,88,1.4123,216.63,196802.31
TXN-US,2025-03-31,2025Q1,2025,20250423,20250422,Barney Yao,Haitong International Research,2898,6.6,20250422,0,1.2806,146.01,132857.1
TXN-US,2025-03-31,2025Q1,2025,20250423,20250422,Kevin Cassidy,Rosenblatt Securities,2623,9.0,20250124,88,1.2806,146.01,132857.1
TXN-US,2025-03-31,2025Q1,2025,20250423,20250422,Mark Lipacis,Evercore ISI,1772,7.89,20250417,5,1.2806,146.01,132857.1
TXN-US,2025-03-31,2025Q1,2025,20250423,20250422,Phoebe Wang,Fubon Securities,1084,6.48,20250421,1,1.2806,146.01,132857.1
TXN-US,2025-03-31,2025Q1,2025,20250423,20250422,Tore Svanberg,Stifel Nicolaus,548,6.14,20250124,88,1.2806,146.01,132857.1
TXN-US,2025-03-31,2025Q1,2025,20250423,20250422,Vijay Rakesh,Mizuho Securities USA,1802,6.7045,20250124,88,1.2806,146.01,132857.1
TXN-US,2025-03-31,2025Q1,2025,20250423,20250422,C.J. Muse,Cantor Fitzgerald,1190,7.1,20250124,88,1.2806,146.01,132857.1
TXN-US,2025-03-31,2025Q1,2025,20250423,20250422,Christopher Rolland,Susquehanna Financial Group,974,6.77,20250417,5,1.2806,146.01,132857.1
TXN-US,2025-03-31,2025Q1,2025,20250423,20250422,Nikolay Todorov,Edgewater Research,3222,5.87,20250416,6,1.2806,146.01,132857.1
TXN-US,2025-03-31,2025Q1,2025,20250423,20250422,Blayne Curtis,Jefferies,512,6.262418,20250124,88,1.2806,146.01,132857.1
TXN-US,2025-03-31,2025Q1,2025,20250423,20250422,Stacy A. Rasgon,Bernstein Research,1140,,20250124,88,1.2806,146.01,132857.1
TXN-US,2025-03-31,2025Q1,2025,20250423,20250422,John N. Vinh,KeyBanc Capital Markets,618,7.5322638,20250124,88,1.2806,146.01,132857.1
TXN-US,2025-03-31,2025Q1,2025,20250423,20250422,Rick Schafer,Oppenheimer,498,6.6,20250124,88,1.2806,146.01,132857.1
TXN-US,2025-03-31,2025Q1,2025,20250423,20250422,Joshua Buchalter,TD Cowen,917,6.6311,20250124,88,1.2806,146.01,132857.1
TXN-US,2025-03-31,2025Q1,2025,20250423,20250422,Ross Seymore,Deutsche Bank Research,77,6.494915,20250124,88,1.2806,146.01,132857.1
TXN-US,2025-03-31,2025Q1,2025,20250423,20250422,Joe Quatrochi,Wells Fargo Securities,596,7.2656,20250124,88,1.2806,146.01,132857.1
TXN-US,2025-03-31,2025Q1,2025,20250423,20250422,Cody Acree,"Benchmark, a StoneX Company",1124,6.53,20250124,88,1.2806,146.01,132857.1
TXN-US,2025-03-31,2025Q1,2025,20250423,20250422,William Stein,Truist Securities,852,6.3,20250124,88,1.2806,146.01,132857.1
TXN-US,2025-03-31,2025Q1,2025,20250423,20250422,Melissa Fairbanks,Raymond James,402,7.2,20250124,88,1.2806,146.01,132857.1
TXN-US,2025-03-31,2025Q1,2025,20250423,20250422,James Kelleher,Argus Research,376,6.96,20250124,88,1.2806,146.01,132857.1
TXN-US,2024-12-31,2024Q4,2024,20250123,20250122,Mark Lipacis,Evercore ISI,1772,9.45,20241023,91,1.3047,192.21,175337.16
TXN-US,2024-12-31,2024Q4,2024,20250123,20250122,Christopher Rolland,Susquehanna Financial Group,974,7.71,20250121,1,1.3047,192.21,175337.16
TXN-US,2024-12-31,2024Q4,2024,20250123,20250122,John N. Vinh,KeyBanc Capital Markets,618,7.6072454,20250121,1,1.3047,192.21,175337.16
TXN-US,2024-12-31,2024Q4,2024,20250123,20250122,Nikolay Todorov,Edgewater Research,3222,6.7,20250117,5,1.3047,192.21,175337.16
TXN-US,2024-12-31,2024Q4,2024,20250123,20250122,Vijay Rakesh,Mizuho Securities USA,1802,6.9763,20241023,91,1.3047,192.21,175337.16
TXN-US,2024-12-31,2024Q4,2024,20250123,20250122,C.J. Muse,Cantor Fitzgerald,1190,7.45,20241023,91,1.3047,192.21,175337.16
TXN-US,2024-12-31,2024Q4,2024,20250123,20250122,Hans Mosesmann,Rosenblatt Securities,2623,9.5,20240719,187,1.3047,192.21,175337.16
TXN-US,2024-12-31,2024Q4,2024,20250123,20250122,Joe Quatrochi,Wells Fargo Securities,596,7.38,20241120,63,1.3047,192.21,175337.16
TXN-US,2024-12-31,2024Q4,2024,20250123,20250122,Blayne Curtis,Jefferies,512,6.79,20241023,91,1.3047,192.21,175337.16
TXN-US,2024-12-31,2024Q4,2024,20250123,20250122,Ross Seymore,Deutsche Bank Research,77,7.0,20240124,364,1.3047,192.21,175337.16
TXN-US,2024-12-31,2024Q4,2024,20250123,20250122,Rick Schafer,Oppenheimer,498,6.86,20241023,91,1.3047,192.21,175337.16
TXN-US,2024-12-31,2024Q4,2024,20250123,20250122,Stacy A. Rasgon,Bernstein Research,1140,,20241023,91,1.3047,192.21,175337.16
TXN-US,2024-12-31,2024Q4,2024,20250123,20250122,Joshua Buchalter,TD Cowen,917,7.1,20240724,182,1.3047,192.21,175337.16
TXN-US,2024-12-31,2024Q4,2024,20250123,20250122,William Stein,Truist Securities,852,6.65,20241213,40,1.3047,192.21,175337.16
TXN-US,2024-12-31,2024Q4,2024,20250123,20250122,Cody Acree,"Benchmark, a StoneX Company",1124,6.98,20241023,91,1.3047,192.21,175337.16
TXN-US,2024-12-31,2024Q4,2024,20250123,20250122,Alicia Xia,Haitong International Research,2898,7.28,20241023,91,1.3047,192.21,175337.16
TXN-US,2024-09-30,2024Q3,2024,20241022,20241021,Mark Lipacis,Evercore ISI,1772,9.78,20240724,89,1.4728,202.21,184627.03
TXN-US,2024-09-30,2024Q3,2024,20241022,20241021,Blayne Curtis,Jefferies,512,7.5429,20240819,63,1.4728,202.21,184627.03
TXN-US,2024-09-30,2024Q3,2024,20241022,20241021,Vijay Rakesh,Mizuho Securities USA,1802,7.73,20241016,5,1.4728,202.21,184627.03
TXN-US,2024-09-30,2024Q3,2024,20241022,20241021,Stacy A. Rasgon,Bernstein Research,1140,,20240724,89,1.4728,202.21,184627.03
TXN-US,2024-09-30,2024Q3,2024,20241022,20241021,Hans Mosesmann,Rosenblatt Securities,2623,9.5,20240719,94,1.4728,202.21,184627.03
TXN-US,2024-09-30,2024Q3,2024,20241022,20241021,Joshua Buchalter,TD Cowen,917,7.0967,20240724,89,1.4728,202.21,184627.03
TXN-US,2024-09-30,2024Q3,2024,20241022,20241021,Rick Schafer,Oppenheimer,498,7.46,20240724,89,1.4728,202.21,184627.03
TXN-US,2024-09-30,2024Q3,2024,20241022,20241021,Ross Seymore,Deutsche Bank Research,77,7.039898,20240124,271,1.4728,202.21,184627.03
TXN-US,2024-09-30,2024Q3,2024,20241022,20241021,Alicia Xia,Haitong International Research,2898,7.4,20240918,33,1.4728,202.21,184627.03
TXN-US,2024-09-30,2024Q3,2024,20241022,20241021,Cody Acree,"Benchmark, a StoneX Company",1124,7.88,20240820,62,1.4728,202.21,184627.03
TXN-US,2024-06-28,2024Q2,2024,20240723,20240722,Alicia Xia,Haitong International Research,2898,8.81,20240719,3,1.2198,200.16,182242.11
TXN-US,2024-06-28,2024Q2,2024,20240723,20240722,Hans Mosesmann,Rosenblatt Securities,2623,9.5,20240719,3,1.2198,200.16,182242.11
TXN-US,2024-06-28,2024Q2,2024,20240723,20240722,Mark Lipacis,Evercore ISI,1772,8.88,20240424,89,1.2198,200.16,182242.11
TXN-US,2024-06-28,2024Q2,2024,20240723,20240722,Ross Seymore,Deutsche Bank Research,77,7.000915,20240124,180,1.2198,200.16,182242.11
TXN-US,2024-06-28,2024Q2,2024,20240723,20240722,Stacy A. Rasgon,Bernstein Research,1140,,20240527,56,1.2198,200.16,182242.11
TXN-US,2024-06-28,2024Q2,2024,20240723,20240722,Sun-Woo Kim,Meritz Securities,1778,7.46,20240610,42,1.2198,200.16,182242.11
TXN-US,2024-06-28,2024Q2,2024,20240723,20240722,Blayne Curtis,Jefferies,512,7.54,20240510,73,1.2198,200.16,182242.11
TXN-US,2024-06-28,2024Q2,2024,20240723,20240722,Ishan Majumdar,Baptista Research,3454,7.51,20240202,171,1.2198,200.16,182242.11
TXN-US,2024-06-28,2024Q2,2024,20240723,20240722,Parth Talsania,Equisights,3723,7.46,20240424,89,1.2198,200.16,182242.11
TXN-US,2024-03-29,2024Q1,2024,20240423,20240422,Ross Seymore,Deutsche Bank Research,77,6.995184,20240124,89,1.1996,173.46,157725.05
TXN-US,2024-03-29,2024Q1,2024,20240423,20240422,Mark Lipacis,Evercore ISI,1772,8.15,20240411,11,1.1996,173.46,157725.05
TXN-US,2024-03-29,2024Q1,2024,20240423,20240422,Stacy A. Rasgon,Bernstein Research,1140,,20240124,89,1.1996,173.46,157725.05
TXN-US,2024-03-29,2024Q1,2024,20240423,20240422,Ishan Majumdar,Baptista Research,3454,7.54,20240202,80,1.1996,173.46,157725.05
TXN-US,2024-03-29,2024Q1,2024,20240423,20240422,Parth Talsania,Equisights,3723,7.7,20240125,88,1.1996,173.46,157725.05
TXN-US,2023-12-29,2023Q4,2023,20240123,20240122,Joshua Buchalter,TD Cowen,917,9.0,20231025,89,1.4907,168.54,153068.72
TXN-US,2023-09-29,2023Q3,2023,20231024,20231023,Matthew Prisco,Evercore ISI,1772,9.86,20231020,3,1.8548,157.66,143149.97
